{
  "project_info": {
    "project_number": "9277197320",
    "project_id": "aaaa-453d8",
    "storage_bucket": "aaaa-453d8.appspot.com"
  },
  "client": [
    {
      "client_info": {
        "mobilesdk_app_id": "1:9277197320:android:65307cee8600915a2415bd",
        "android_client_info": {
          "package_name": "salah.aas"
        }
      },
      "oauth_client": [
        {
          "client_id": "9277197320-i9pmi4c0a05vo8mare2tke03flcfsgvs.apps.googleusercontent.com",
          "client_type": 3
        }
      ],
      "api_key": [
        {
          "current_key": "AIzaSyDQ7W4SBtVDXWt6tDqM6FukHceuNVYiHf0"
        }
      ],
      "services": {
        "appinvite_service": {
          "other_platform_oauth_client": [
            {
              "client_id": "9277197320-i9pmi4c0a05vo8mare2tke03flcfsgvs.apps.googleusercontent.com",
              "client_type": 3
            }
          ]
        }
      }
    }
  ],
  "configuration_version": "1"
}